"Trait","Mean-AUC","Accurancy","Top1","Top2","SD-AUC","Accurancy","Top1","Top2"
"Perimeter","NaN","0.616230979748221","0","0.200924576179678",NA,"0.0900758335061851","0","0.20039059613778"
"Area","NaN","0.585914815282631","0","0.163701201201201",NA,"0.085271610834384","0","0.210364464159484"
"Width.Mid.height","NaN","0.604262178434592","0","0.015324384787472",NA,"0.0890267359605223","0","0.0982488715468189"
"Maximum.Width","NaN","0.60580240831965","0","0.027356983061681",NA,"0.0897011063818311","0","0.119664862985064"
"Height.Mid.width","NaN","0.598154898741106","0","0.00192743764172336",NA,"0.087372993589581","0","0.0178268569730761"
"Maximum.Height","NaN","0.62027640941434","0","0.187849903474903",NA,"0.0869283303376388","0","0.166681907435388"
"Curved.Height","NaN","0.645713251839689","0","0.24542686287478",NA,"0.0877152011270407","0","0.231969256520175"
"Pericarp.Area","NaN","0.549928480204342","0","0",NA,"0.0782175821277411","0","0"
"Pericarp.Thickness","NaN","0.528672261752722","0","0.12906202435312",NA,"0.0837610405346649","0","0.166473916018309"
