"Trait","Mean-AUC","Accurancy","Top1","Top2","SD-AUC","Accurancy","Top1","Top2"
"Perimeter","NaN","0.523776683087028","0.147902097902098","0.384818311318311",NA,"0.093018857611188","0.24480412096271","0.161699823993797"
"Area","NaN","0.487827413114769","0.146689497716895","0.415583814333814",NA,"0.098125813593895","0.261784473539321","0.169000289601992"
"Width.Mid.height","NaN","0.518186462324393","0","0.344801106301106",NA,"0.0870760120059368","0","0.121442835432794"
"Maximum.Width","NaN","0.523916560238399","0","0.347633718133718",NA,"0.0854692054276498","0","0.122756569840226"
"Height.Mid.width","NaN","0.37320197044335","0","0.312842592592593",NA,"0.0842444474292244","0","0.103826235745353"
"Maximum.Height","NaN","0.435385878489327","0","0.287908776408776",NA,"0.0892705552307589","0","0.119631756573199"
"Curved.Height","NaN","0.429047619047619","0.0044955044955045","0.271451058201058",NA,"0.0811570637525711","0.0434042735036268","0.113732524174941"
"Pericarp.Area","NaN","0.412015915119363","0","0.380894910644911",NA,"0.0848269113592236","0","0.120515552230984"
"Pericarp.Thickness","NaN","0.349507085081798","0.137717837717838","0.121845497095497",NA,"0.0783979317034574","0.197474235605046","0.115514467656202"
