"RF","SVC"
1.18152164341591e-40,9.46515134200616e-17
3.17593643461667e-34,2.50288844792816e-09
1.20328000331274e-38,7.28660021313938e-13
3.38851275611314e-38,3.7227571542788e-13
1.7163426995496e-40,9.38805053837703e-15
5.07349455157756e-44,1.24031215260902e-20
1.49617663512056e-49,4.73131465890052e-26
1.0253818956439e-22,0.00343931022424829
2.92064572197592e-18,0.373205190873685
