"RF","SVC"
0.0246542870863655,7.99145328636173e-23
0.0857716211381512,3.89080699470189e-13
0.121773623909613,5.02303539377061e-26
0.0268728258355619,1.17272195770392e-27
2.05660062854004e-32,0.00111124981132723
7.75586784545887e-12,0.00329448272730765
2.54934146869123e-14,0.0156794527457293
7.9917353456514e-16,0.466409607448226
4.91267742091989e-36,9.53732910293676e-10
