"RF","SVC"
0.0218026958614137,4.31565519028668e-25
0.148145548309077,1.89122845643215e-14
0.0124539536791021,9.62523621799059e-31
0.00159624211395856,7.10801254571191e-32
3.49745850396791e-28,0.107793206893735
2.53150304581586e-09,4.19169866040115e-06
2.70326031154646e-11,0.000368650088308054
6.55644340294108e-15,0.0430701070144182
1.45060701758914e-34,9.67799464328741e-07
