"Trait","Mean-Pearson","Spearman","Top30","Top15","SD-Pearson","Spearman","Top30","Top15"
"Width.Mid.height","0.663317996494296","0.690541766148084","0.613333333333333","0.325","0.0788314652546572","0.106378556208383","0.134225205037699","0.20223167656604"
"Maximum.Width","0.669797558574023","0.697002452698231","0.616296296296296","0.331666666666667","0.0775663386547188","0.105297446920404","0.132901779024789","0.201705535478096"
