"Trait","Mean-Pearson","Spearman","Top30","Top15","SD-Pearson","Spearman","Top30","Top15"
"Average.Red","0.315576079902827","0.290735284102517","0.423280423280423","0.183333333333333","0.180426051560173","0.180927439480869","0.126212296181163","0.17768092981666"
"Average.Green","0.173655380810541","0.155157279819603","0.353439153439153","0.0976190476190476","0.151942405958763","0.186033239058748","0.130545055388766","0.160734634446415"
"Average.Blue","0.248787845949582","0.168357282846398","0.313227513227513","0.10952380952381","0.127615893041981","0.169529741234607","0.12497003665661","0.15474781564496"
