"Trait","Mean-Pearson","Spearman","Top30","Top15","SD-Pearson","Spearman","Top30","Top15"
"Average.L.Value","0.181184535327906","0.150412589952555","0.367724867724868","0.113095238095238","0.192159570260358","0.220917595706364","0.145308086918144","0.152315273783208"
"Average.a.Value","0.355030597434801","0.492382314438567","0.522486772486772","0.303571428571429","0.139351430958545","0.127297763435615","0.121691389423953","0.178140616294651"
"Average.b.Value","-0.0272539201357705","-0.041348853223158","0.281746031746032","0.113095238095238","0.164511554581207","0.176194325001667","0.124908329999627","0.157181317986709"
