"Trait","Mean-Pearson","Spearman","Top30","Top15","SD-Pearson","Spearman","Top30","Top15"
"Height.Mid.width","0.527815076217232","0.510866969775808","0.548888888888889","0.436666666666667","0.114467886279643","0.158748322593047","0.124296012469097","0.207224116482377"
"Maximum.Height","0.596258569510899","0.588100775662603","0.598518518518519","0.545","0.111139553012962","0.143645844725719","0.112066486742332","0.206987825080471"
"Curved.Height","0.601950869176003","0.592401716192595","0.595555555555556","0.575","0.110415686446465","0.143009158846301","0.116056962993934","0.204295318549418"
