"Trait","Mean-Pearson","Spearman","Top30","Top15","SD-Pearson","Spearman","Top30","Top15"
"Fruit.Shape.Index.External.I","0.250221089584232","0.388612078628764","0.477477477477477","0.197635135135135","0.140213382700018","0.148359382652744","0.135593999393214","0.180356266802159"
"Fruit.Shape.Index.External.II","0.26696111172463","0.409409854793614","0.501501501501502","0.197635135135135","0.137558394645558","0.142671882363326","0.138065730890301","0.187294963581445"
