"Trait","Mean-Pearson","Spearman","Top30","Top15","SD-Pearson","Spearman","Top30","Top15"
"Pericarp.Area","0.557872151452098","0.620643400471448","0.566666666666667","0.351666666666667","0.0833548852961952","0.0959991590429485","0.116392027867595","0.20087198055654"
"Pericarp.Thickness","0.568415688517282","0.625858032629236","0.607407407407407","0.465","0.0841396772674099","0.096049673027975","0.129798193021714","0.220641985818747"
