"Trait","Mean-Pearson","Spearman","Top30","Top15","SD-Pearson","Spearman","Top30","Top15"
"Perimeter","0.696546610354154","0.706243868848985","0.645925925925926","0.48","0.0836872714167082","0.0994565895826402","0.118952721903844","0.203822531043734"
"Area","0.639057213258316","0.69022702473648","0.645185185185185","0.47","0.0792979395102952","0.103052322013493","0.115639752113615","0.204644068154619"
