"Trait","Mean-AUC","Accurancy","Top1","Top2","SD-AUC","Accurancy","Top1","Top2"
"Perimeter","0.832862720317968","0.503612491169962","0.489512471655329","0.586573694823695","0.061808583282333","0.0811335130598956","0.323702255664884","0.169578599448701"
"Area","0.602484759148033","0.44018134020088","0","0.177654761904762","0.090148183834844","0.0930118093405009","0","0.173036884095029"
