"Trait","Mean-AUC","Accurancy","Top1","Top2","SD-AUC","Accurancy","Top1","Top2"
"Perimeter","NaN","0.718188131313131","0.137155963302752","0.417147516344666",NA,"0.068554897868824","0.215209165022032","0.220167158362824"
"Area","NaN","0.761875773867709","0.469946091644205","0.635499867337261",NA,"0.0731367790029579","0.320562358961834","0.244436150692424"
"Width.Mid.height","NaN","0.774624226132291","0.6190329218107","0.740435548461087",NA,"0.0709317220383695","0.304211813274404","0.205757874523253"
"Maximum.Width","NaN","0.800980938416422","0.56189071498806","0.704512370594574",NA,"0.0653809923467289","0.311857462787715","0.207692099862042"
"Height.Mid.width","NaN","0.761417033235582","0.240275923453494","0.521056809486811",NA,"0.0697279295265524","0.267583442373661","0.24683996429114"
"Maximum.Height","NaN","0.766978682823788","0.361111111111111","0.569760644344785",NA,"0.0739508470145569","0.31647395349361","0.274932258921976"
"Curved.Height","NaN","0.766183455803867","0.301522951522951","0.533273010996248",NA,"0.0725695596051383","0.304174690093819","0.263290513922014"
"Pericarp.Area","NaN","0.713577237151607","NaN","0.938542768250918",NA,"0.0711599197724724",NA,"0.0609671341525687"
"Pericarp.Thickness","NaN","0.768335307601529","NaN","0.959975199151096",NA,"0.0706993776710529",NA,"0.0374230620301294"
