"Trait","Mean-AUC","Accurancy","Top1","Top2","SD-AUC","Accurancy","Top1","Top2"
"Perimeter","NaN","0.735484278266536","0","0.418101948306656",NA,"0.0714005439859776","0","0.351326489032436"
"Area","NaN","0.781581541218638","0.032258064516129","0.433990638157564",NA,"0.0658185016293794","0.179605302026775","0.392873007279454"
"Width.Mid.height","NaN","0.77810799878653","0","0.429181392053229",NA,"0.0689458981862478","0","0.386558636007856"
"Maximum.Width","NaN","0.797878380579993","0","0.425077000309367",NA,"0.0652886294186383","0","0.402816564438836"
"Height.Mid.width","NaN","0.756939312479635","0","0.467023538495675",NA,"0.0702863973023838","0","0.381704571971336"
"Maximum.Height","NaN","0.745150904203324","0","0.451994360058241",NA,"0.0714002425216284","0","0.36884651540271"
"Curved.Height","NaN","0.729014744216357","0","0.446477944260015",NA,"0.0746132817053956","0","0.364838681405022"
"Pericarp.Area","NaN","0.657024478657543","NaN","0.880443732227753",NA,"0.0711485791817218",NA,"0.072537262494006"
"Pericarp.Thickness","NaN","0.680586306614532","NaN","0.907735799184878",NA,"0.0671511513189781",NA,"0.066029301167566"
