"RF","SVC"
2.69807640884624e-41,4.4836280614115e-19
4.34136201100632e-51,8.66569622871467e-32
5.56011852700624e-52,7.45083005544681e-36
7.69056166041457e-61,5.18615873714554e-48
3.75178661051466e-54,3.20557843214868e-31
2.29343656753038e-52,7.14669590467156e-32
1.24030589040434e-50,1.33711261851492e-29
9.43411348059461e-21,0.00205121549211481
1.88104488644324e-29,2.41955577449341e-08
