"RF","SVC"
1.70876822533961e-05,1.85128329073619e-05
0.029656594100712,0.0311663036965387
0.10155852082452,0.115538856671284
1.48511009357746e-06,3.45497792918636e-05
0.2208939426275,0.178531233301879
0.00865425292775807,0.00456850386457766
2.12579883606857e-05,7.45846502937502e-06
8.21394357478674e-30,6.59053341527962e-32
3.86672822535009e-20,1.40257029128583e-19
