"Trait","Mean-Pearson","Spearman","Top30","Top15","SD-Pearson","Spearman","Top30","Top15"
"Pericarp.Area","0.554012009016706","0.540370150302554","0.551612903225806","0.486021505376344","0.0988333491005474","0.106857195258899","0.097370765215508","0.16784529487225"
"Pericarp.Thickness","0.525958440336853","0.502820007935362","0.526881720430108","0.339784946236559","0.106839634881621","0.110893730058771","0.116226713372425","0.168845044053285"
