"Trait","Mean-Pearson","Spearman","Top30","Top15","SD-Pearson","Spearman","Top30","Top15"
"Height.Mid.width","0.822596149922222","0.828440213328733","0.725333333333333","0.501333333333333","0.052910158059227","0.0598177064197633","0.113626414044799","0.192122257868994"
"Maximum.Height","0.822808100530803","0.82566550227129","0.734","0.554666666666667","0.0508781222715518","0.0556200106117337","0.102210468474476","0.184131068967961"
"Curved.Height","0.818223707984673","0.822269681930032","0.727333333333333","0.596","0.0504496348149613","0.0577451075769018","0.102908486528335","0.172576216019388"
