"Trait","Mean-Pearson","Spearman","Top30","Top15","SD-Pearson","Spearman","Top30","Top15"
"Perimeter","0.812516003893148","0.805753766315911","0.722666666666667","0.522666666666667","0.0538949256184821","0.0677443976049545","0.104365559560477","0.192178142562434"
"Area","0.837326758669674","0.812199413489736","0.726","0.598666666666667","0.0607317494488599","0.0780760955481869","0.113770049490513","0.163019604645826"
