"Trait","Mean-Pearson","Spearman","Top30","Top15","SD-Pearson","Spearman","Top30","Top15"
"Fruit.Shape.Index.External.I","0.817103428629078","0.813912147812244","0.768","0.614666666666667","0.0665921388775678","0.0760769282671552","0.0936364524899322","0.16235955899857"
"Fruit.Shape.Index.External.II","0.815783909749626","0.797992463886355","0.749333333333333","0.673333333333333","0.0670300140012631","0.081562224004285","0.0932246090927292","0.156156291810595"
