"Trait","Mean-Pearson","Spearman","Top30","Top15","SD-Pearson","Spearman","Top30","Top15"
"Width.Mid.height","0.874728219512033","0.870012865850152","0.779333333333333","0.656","0.0491316467286592","0.0469290227694233","0.0899639500258329","0.176650415022204"
"Maximum.Width","0.859485047264342","0.846079816658774","0.758","0.656","0.0492008577686979","0.0561904307756174","0.0936006080402439","0.170463245659601"
