"Trait","Mean-Pearson","Spearman","Top30","Top15","SD-Pearson","Spearman","Top30","Top15"
"Average.L.Value","0.69102105555415","0.669916407941445","0.636666666666667","0.517333333333333","0.0860134449692723","0.100077103243299","0.117248469411836","0.167390820539523"
"Average.a.Value","0.690905096614983","0.559744728027749","0.612","0.266666666666667","0.0878634562520088","0.109544588294277","0.11867274951104","0.163299316185545"
"Average.b.Value","0.408672175267807","0.432761010108533","0.538666666666667","0.312","0.145985459617789","0.154941378126253","0.1257389789514","0.183156514284456"
