"Trait","Mean-Pearson","Spearman","Top30","Top15","SD-Pearson","Spearman","Top30","Top15"
"Average.Red","0.615491695761817","0.574191967109424","0.63","0.538666666666667","0.105904688605118","0.109712607815754","0.121373570533956","0.186736963433339"
"Average.Green","0.707355499427663","0.669449284112472","0.655333333333333","0.533333333333333","0.10250597738143","0.115958672066702","0.105891337660353","0.181960489356346"
"Average.Blue","0.723655290477503","0.679415574147548","0.667333333333333","0.621333333333333","0.103668540427337","0.116480126792501","0.109603719788604","0.184131068967961"
