"Trait","Mean-Pearson","Spearman","Top30","Top15","SD-Pearson","Spearman","Top30","Top15"
"Fruit.Shape.Index.External.I","0.243036417335362","0.386011963557045","0.487237237237237","0.212837837837838","0.131972221775815","0.143763906630954","0.130586243734809","0.206947495857166"
"Fruit.Shape.Index.External.II","0.261083319825994","0.408733247171166","0.508258258258258","0.222972972972973","0.129867832479276","0.135201472648874","0.127044440845768","0.20231469882292"
