"Trait","Mean-Pearson","Spearman","Top30","Top15","SD-Pearson","Spearman","Top30","Top15"
"Height.Mid.width","0.523426401764536","0.510310278212312","0.54875283446712","0.469387755102041","0.119385872023296","0.159573743999269","0.103404330527194","0.193865595617438"
"Maximum.Height","0.593114307606271","0.58335547097983","0.588813303099017","0.55952380952381","0.112217153739943","0.150338482118369","0.120890045814923","0.190379337737694"
"Curved.Height","0.59904762095011","0.590362253275694","0.597127739984883","0.585034013605442","0.111404660464683","0.148971113635905","0.124878350650994","0.188488487165807"
