"Trait","Mean-Pearson","Spearman","Top30","Top15","SD-Pearson","Spearman","Top30","Top15"
"Average.Red","0.299519909163813","0.291547245857591","0.424242424242424","0.198863636363636","0.171126946090465","0.155519278309401","0.10459223605866","0.182413146192554"
"Average.Green","0.193277345739475","0.161139722346619","0.366161616161616","0.127840909090909","0.139280289930219","0.172481506627084","0.120496455323173","0.146777248257557"
"Average.Blue","0.218052509293882","0.129371921182266","0.30050505050505","0.0795454545454545","0.144164913764673","0.173782370507657","0.114456769921276","0.128795561882817"
