"Trait","Mean-Pearson","Spearman","Top30","Top15","SD-Pearson","Spearman","Top30","Top15"
"Average.L.Value","0.16506841497788","0.112435265883542","0.346153846153846","0.125","0.132819505268111","0.165284008187445","0.142112116053442","0.143868175591588"
"Average.a.Value","0.375723533970492","0.505405796640121","0.50997150997151","0.362179487179487","0.128291344518976","0.133565703434976","0.134525570834099","0.233714485799363"
"Average.b.Value","-0.0546346730565933","-0.0725943537935859","0.263532763532764","0.0833333333333333","0.137182056401083","0.181264779447344","0.126760774082804","0.131590338991954"
