"Trait","Mean-Pearson","Spearman","Top30","Top15","SD-Pearson","Spearman","Top30","Top15"
"Perimeter","0.695306486183861","0.705812807881773","0.65037037037037","0.496666666666667","0.0889592404246669","0.105024058638591","0.112509225124507","0.196416441125785"
"Area","0.638124395290101","0.6896026272578","0.642962962962963","0.483333333333333","0.0821846896971386","0.111275926250725","0.119785669522814","0.199972033838918"
