"Trait","Mean-Pearson","Spearman","Top30","Top15","SD-Pearson","Spearman","Top30","Top15"
"Pericarp.Area","0.551904296847932","0.616026229444874","0.573333333333333","0.356666666666667","0.0976943356873383","0.114589771594442","0.109291589734571","0.199299668694743"
"Pericarp.Thickness","0.56364202092944","0.623863719779858","0.603703703703704","0.461666666666667","0.0984548364203606","0.112592060632507","0.117572504601238","0.216238175505301"
