"Trait","Mean-Pearson","Spearman","Top30","Top15","SD-Pearson","Spearman","Top30","Top15"
"Width.Mid.height","0.658102529902593","0.688562371129716","0.632592592592593","0.361666666666667","0.0929242285547777","0.10412782150697","0.127401395322603","0.188905063570317"
"Maximum.Width","0.664630367457367","0.693541412810545","0.632592592592593","0.365","0.0916214869310254","0.101588103024275","0.126749365749497","0.189112196377685"
