"Trait","Mean-Pearson","Spearman","Top30","Top15","SD-Pearson","Spearman","Top30","Top15"
"Width.Mid.height","0.87007622358382","0.865812704847335","0.781333333333333","0.654666666666667","0.0538676239757557","0.0523663619087691","0.092965077275508","0.176310687744604"
"Maximum.Width","0.851771906389596","0.840080551275519","0.76","0.646666666666667","0.0547048050283462","0.0613743435655526","0.0941225817893058","0.17092981670012"
