"Trait","Mean-Pearson","Spearman","Top30","Top15","SD-Pearson","Spearman","Top30","Top15"
"Average.L.Value","0.682806915594667","0.662730650911391","0.628666666666667","0.496","0.0900693156108096","0.104826645597727","0.117773908453037","0.172964674206874"
"Average.a.Value","0.691176217296324","0.563515467770686","0.608666666666667","0.270666666666667","0.0885521389759053","0.11220587763554","0.120366702940364","0.160764393310831"
"Average.b.Value","0.407863564256588","0.441408630901041","0.537333333333333","0.288","0.142163055244588","0.151759980255058","0.119589155007993","0.191749277012716"
