"Trait","Mean-Pearson","Spearman","Top30","Top15","SD-Pearson","Spearman","Top30","Top15"
"Average.Red","0.605790439636957","0.575333970544837","0.628666666666667","0.525333333333333","0.104250263007273","0.10508115926104","0.114303649918922","0.159776129735044"
"Average.Green","0.70508781350352","0.671092205040727","0.66","0.521333333333333","0.0876324636381042","0.104122281224468","0.105550649440519","0.186665068705209"
"Average.Blue","0.719898995834744","0.67993063941119","0.672666666666667","0.610666666666667","0.0886600541892543","0.106063440068081","0.10548492475814","0.183605451903477"
