"Trait","Mean-Pearson","Spearman","Top30","Top15","SD-Pearson","Spearman","Top30","Top15"
"Perimeter","0.773488599297567","0.767712034960612","0.707333333333333","0.508","0.0698370952070741","0.0829262933058686","0.107501625813625","0.194736097452441"
"Area","0.809849418617141","0.781774552929676","0.712666666666667","0.585333333333333","0.0739960776101158","0.0927865286860659","0.111906400646222","0.167246418954918"
