"Trait","Mean-Pearson","Spearman","Top30","Top15","SD-Pearson","Spearman","Top30","Top15"
"Pericarp.Area","0.555355532073459","0.542615289345942","0.563917525773196","0.478350515463918","0.108149462228005","0.117850569092048","0.109149712751864","0.169697527557435"
"Pericarp.Thickness","0.529247761964923","0.511529986470971","0.54639175257732","0.327835051546392","0.107538694653664","0.109982689574663","0.116424023571619","0.153257862795326"
