"Trait","Mean-Pearson","Spearman","Top30","Top15","SD-Pearson","Spearman","Top30","Top15"
"Fruit.Shape.Index.External.I","0.814983963620351","0.809692858737245","0.759333333333333","0.614666666666667","0.0670161951000419","0.0794633040618695","0.0920290781787206","0.165633486655223"
"Fruit.Shape.Index.External.II","0.811485421490647","0.791866107615142","0.745333333333333","0.677333333333333","0.0704541233770962","0.0871239398557615","0.0938273916207017","0.153328469916063"
