"Trait","Mean-Pearson","Spearman","Top30","Top15","SD-Pearson","Spearman","Top30","Top15"
"Height.Mid.width","0.795065491307257","0.799645377760242","0.712","0.496","0.0623924153965611","0.0721420208821437","0.110471837341639","0.194860128806941"
"Maximum.Height","0.793960739212432","0.795297009074317","0.72","0.542666666666667","0.0619257079570476","0.0705695029676999","0.103625552030168","0.188724673101151"
"Curved.Height","0.788647634375914","0.789759589613644","0.717333333333333","0.574666666666667","0.0622192277784832","0.0725082991141154","0.102155734951324","0.175394729002809"
