"Trait","Mean-AUC","Accurancy","Top1","Top2","SD-AUC","Accurancy","Top1","Top2"
"Perimeter","0.756591998058526","0.405071611019887","0.235503725299644","0.410246438746439","0.0794352046652523","0.0896086724234394","0.282480740865412","0.185227564489249"
"Area","0.557613144969353","0.526570273064526","0","0.00186507936507936","0.0780779424565745","0.0943429977043486","0","0.013498622128308"
